possible_outcomes,Transition,TwoLegged,Angle,Distance,Competition_NBA,Competition_SLO1,Competition_U14,Competition_U16,PlayerType_F,PlayerType_G,Movement_drive,Movement_no,B_0
above head,0.5679129413223435,5.369754575167458,-0.3434315988205824,-9.888482882228255,-0.6121792493093128,0.02030913782617231,-5.71655291426081,-1.9170346860380247,-0.5043774942624063,-0.1854436244037349,7.209755875708506,-1.875741708878467,-15.073359516882425
dunk,-0.4020703781827171,-7.491446282727654,-0.21471895017138,-2.9435576478677095,-1.180128382637955,0.21302486984082242,7.132807228245524,0.10721381135253101,0.9975410142009012,0.9705031538386016,2.024712614468765,-2.9074122976909407,6.413682809934299
hook shot,0.9366745383708494,5.154164356188683,-0.09282817078747546,-7.7446250260748135,0.10046102516585924,0.07762567904634646,-4.096509082100362,-0.8513956954932198,-0.10463416902445397,0.4825670358422494,2.3077342509518877,-13.194316371627588,-1.915005628855497
layup,0.1072913859707966,-7.977029235161187,-0.6464784089951703,-5.4811412154167085,-0.9624634652001066,-0.48669928874004786,-6.022307090312826,-2.628113099212121,-0.389798428856706,-0.2910491629708448,-5.391597933989871,13.03644237339835,-11.820678476562588
other,0.46131968510923105,6.715736700238099,-0.3658014656900505,-9.611451160387391,-0.7870497343568201,0.42809888685549896,-6.634316044572,-2.5333652025323974,-0.8317425947468409,-0.714413580032942,-5.758435917773011,-0.7167088060277558,-14.352371507565953
tip-in,0.0,0.0,0.0,0.0,0.0,0.0,0.0,0.0,0.0,0.0,0.0,0.0,0.0
