possible_outcomes,Transition,TwoLegged,Angle,Distance,Competition_NBA,Competition_SLO1,Competition_U14,Competition_U16,PlayerType_F,PlayerType_G,Movement_drive,Movement_no,B_0
above head,0.7608262496211786,5.4450466329059894,-0.27607026056749495,-9.705082106565182,-0.7248791301096413,0.2105901081524501,-5.974146056330027,-1.5448684636803753,-0.2927791858846657,-0.019903158122737696,7.2406066301848515,-1.5276918637323327,-15.500807293392025
dunk,-0.18255958916348386,-7.092724496023181,-0.10674073362699807,-2.3446942042537415,-0.9784278075707877,0.4419048016865232,7.118968296809013,0.6188600308982702,0.824173008496445,1.3897796072288922,1.9313302297500083,-2.722655541323114,6.290584918433682
hook shot,1.0841727293534102,5.1469965371290325,-0.04490284632360209,-7.558061619955757,-0.11601736878228551,0.22169202449747277,-4.359786485691595,-0.30274683492445836,-0.05254049034957463,0.509636168419769,2.249958084545919,-13.232406457482845,-1.791261909464231
layup,0.31708124484341105,-7.33703411937661,-0.604058139274722,-5.3653759122516975,-1.1066957156481847,-0.32629990407283893,-6.244016130411752,-2.201125499191533,-0.2511403897100649,-0.13899711918110533,-5.2443032280513195,12.743733801140174,-12.194690042730914
other,0.6240383555892957,6.63465883474566,-0.2658113619747442,-9.395156552264613,-0.7392497503746649,0.47211128895826876,-6.991846535987355,-2.168731444191241,-0.5967827190234974,-0.5274825468464028,-5.646402351047061,-0.43622530435619655,-14.610150446091044
tip-in,0.0,0.0,0.0,0.0,0.0,0.0,0.0,0.0,0.0,0.0,0.0,0.0,0.0
